"log.radon","basement","uranium","county","county.name","house.uranium"
0.78845736036427,1,-0.6890475953545,1,"AITKIN",0.80174144410967
0.78845736036427,0,-0.6890475953545,1,"AITKIN",-0.0567262851306445
1.06471073699243,0,-0.6890475953545,1,"AITKIN",-3.1591834411462
0,0,-0.6890475953545,1,"AITKIN",-0.338155757057809
1.1314021114911,0,-0.847312860499705,2,"ANOKA",0.513904860589322
0.916290731874155,0,-0.847312860499705,2,"ANOKA",-1.08819686494022
0.405465108108164,0,-0.847312860499705,2,"ANOKA",-0.63945720677398
0,0,-0.847312860499705,2,"ANOKA",-0.177568370256014
-0.356674943938732,0,-0.847312860499705,2,"ANOKA",-0.166982235772841
0.182321556793955,0,-0.847312860499705,2,"ANOKA",-2.12128648753668
0.182321556793955,0,-0.847312860499705,2,"ANOKA",-0.714364303444469
0.262364264467491,0,-0.847312860499705,2,"ANOKA",-1.73504707191703
0.336472236621213,0,-0.847312860499705,2,"ANOKA",-1.97748417492054
-0.916290731874155,0,-0.847312860499705,2,"ANOKA",-1.59002998986837
0.0953101798043249,0,-0.847312860499705,2,"ANOKA",-0.797296661930029
1.50407739677627,0,-0.847312860499705,2,"ANOKA",-1.1401064697023
0.262364264467491,0,-0.847312860499705,2,"ANOKA",-2.58637310747835
0.741937344729377,0,-0.847312860499705,2,"ANOKA",0.37802617676265
1.77495235091167,0,-0.847312860499705,2,"ANOKA",-1.94201260733877
1.19392246847243,0,-0.847312860499705,2,"ANOKA",-0.241915694759506
0.587786664902119,0,-0.847312860499705,2,"ANOKA",0.500259909133928
1.68639895357023,0,-0.847312860499705,2,"ANOKA",0.849720406570795
1.84054963339749,0,-0.847312860499705,2,"ANOKA",-1.06857880259757
0.641853886172395,0,-0.847312860499705,2,"ANOKA",-0.391032414500309
1.88706964903238,0,-0.847312860499705,2,"ANOKA",-0.124588197719737
1.1314021114911,0,-0.847312860499705,2,"ANOKA",-0.510610507481566
1.91692261218206,0,-0.847312860499705,2,"ANOKA",-0.702623832132676
1.94591014905531,0,-0.847312860499705,2,"ANOKA",-0.412332388310022
2.04122032885964,0,-0.847312860499705,2,"ANOKA",-1.61612733164597
1.64865862558738,0,-0.847312860499705,2,"ANOKA",-0.591062740124125
1.50407739677627,0,-0.847312860499705,2,"ANOKA",-1.1901749178415
1.48160454092422,0,-0.847312860499705,2,"ANOKA",-0.969636724109895
1.02961941718116,0,-0.847312860499705,2,"ANOKA",-2.64679984127163
2.09186406167839,0,-0.847312860499705,2,"ANOKA",-1.54747339074272
0.470003629245736,0,-0.847312860499705,2,"ANOKA",-1.18803454424798
1.43508452528932,0,-0.847312860499705,2,"ANOKA",-0.220324858025238
1.68639895357023,0,-0.847312860499705,2,"ANOKA",1.49044724723863
1.38629436111989,0,-0.847312860499705,2,"ANOKA",-1.21618620624863
0.832909122935104,0,-0.847312860499705,2,"ANOKA",-0.965132746957765
1.06471073699243,0,-0.847312860499705,2,"ANOKA",-1.22888732029637
0.336472236621213,0,-0.847312860499705,2,"ANOKA",-1.38681251598862
1.19392246847243,0,-0.847312860499705,2,"ANOKA",-0.0552130587737876
1.06471073699243,0,-0.847312860499705,2,"ANOKA",0.00188853352435214
0.587786664902119,1,-0.847312860499705,2,"ANOKA",-0.745770088872134
-1.6094379124341,1,-0.847312860499705,2,"ANOKA",-1.20648398645132
0.8754687373539,0,-0.847312860499705,2,"ANOKA",-3.11800032500897
0.0953101798043249,1,-0.847312860499705,2,"ANOKA",-0.524728257548477
0.78845736036427,0,-0.847312860499705,2,"ANOKA",0.235070049772634
-0.510825623765991,0,-0.847312860499705,2,"ANOKA",-0.93402970446881
0.53062825106217,0,-0.847312860499705,2,"ANOKA",-1.29905354930775
1.06471073699243,0,-0.847312860499705,2,"ANOKA",-2.55164173097399
0.78845736036427,0,-0.847312860499705,2,"ANOKA",-1.84373711052535
0.53062825106217,0,-0.847312860499705,2,"ANOKA",-1.22954783377326
0.336472236621213,0,-0.847312860499705,2,"ANOKA",0.759025587995579
0.641853886172395,0,-0.847312860499705,2,"ANOKA",-1.33625146348987
0.587786664902119,0,-0.847312860499705,2,"ANOKA",-1.15378442718941
0.182321556793955,1,-0.11345877376814,3,"BECKER",-0.704809821522541
1.45861502269952,0,-0.11345877376814,3,"BECKER",-0.832938060815308
1.50407739677627,1,-0.11345877376814,3,"BECKER",-0.685585717750458
1.84054963339749,0,-0.593352525607471,4,"BELTRAMI",-1.04384458111327
1.52605630349505,0,-0.593352525607471,4,"BELTRAMI",0.456229181648796
1.7404661748405,0,-0.593352525607471,4,"BELTRAMI",-1.04550079677504
0.78845736036427,1,-0.593352525607471,4,"BELTRAMI",-1.34830520056852
-0.916290731874155,1,-0.593352525607471,4,"BELTRAMI",-0.338786186517856
1.52605630349505,1,-0.593352525607471,4,"BELTRAMI",-0.880922615269507
1.48160454092422,1,-0.593352525607471,4,"BELTRAMI",-2.58230119498712
1.88706964903238,0,-0.142890481153028,5,"BENTON",-1.88972497902348
0.993251773010283,0,-0.142890481153028,5,"BENTON",-0.475588370504204
1.06471073699243,1,-0.142890481153028,5,"BENTON",-0.407555129823242
1.06471073699243,0,-0.142890481153028,5,"BENTON",-1.30413838949136
1.97408102602201,0,0.387056708424809,6,"BIG STONE",0.557678893669158
1.6094379124341,0,0.387056708424809,6,"BIG STONE",1.65556776207119
0.955511445027436,0,0.387056708424809,6,"BIG STONE",1.15891936102358
1.6094379124341,0,0.271613664272716,7,"BLUE EARTH",-0.0440324052037572
2.56494935746154,0,0.271613664272716,7,"BLUE EARTH",0.0185493088209633
1.97408102602201,0,0.271613664272716,7,"BLUE EARTH",0.190136966870776
1.91692261218206,0,0.271613664272716,7,"BLUE EARTH",1.1133124304422
2.54944517092557,0,0.271613664272716,7,"BLUE EARTH",1.22289015079523
1.75785791755237,1,0.271613664272716,7,"BLUE EARTH",0.491306106783688
2.2512917986065,0,0.271613664272716,7,"BLUE EARTH",1.16427047187492
1.79175946922805,0,0.271613664272716,7,"BLUE EARTH",0.638267165526625
1.33500106673234,0,0.271613664272716,7,"BLUE EARTH",0.328208546546094
2.66025953726586,1,0.271613664272716,7,"BLUE EARTH",0.618579404459856
0.587786664902119,0,0.271613664272716,7,"BLUE EARTH",0.342250436323828
1.93152141160321,0,0.271613664272716,7,"BLUE EARTH",0.842432357618742
1.54756250871601,0,0.271613664272716,7,"BLUE EARTH",0.243707174083869
2.2512917986065,0,0.271613664272716,7,"BLUE EARTH",-0.622020418014718
0.916290731874155,1,0.277578704889093,8,"BROWN",0.136248752708766
1.90210752639692,0,0.277578704889093,8,"BROWN",-1.19430652587297
1.38629436111989,1,0.277578704889093,8,"BROWN",-0.0776379660320916
2.31253542384721,0,0.277578704889093,8,"BROWN",0.384194927579716
0.78845736036427,0,-0.332315487884133,9,"CARLTON",0.252723936472746
0.587786664902119,0,-0.332315487884133,9,"CARLTON",0.268746416705043
1.22377543162212,0,-0.332315487884133,9,"CARLTON",-0.326159808954989
1.7227665977411,1,-0.332315487884133,9,"CARLTON",-0.321775194586625
1.45861502269952,0,-0.332315487884133,9,"CARLTON",-0.485809438487187
1.3609765531356,0,-0.332315487884133,9,"CARLTON",0.196978857863215
0.262364264467491,0,-0.332315487884133,9,"CARLTON",-1.90251556272546
1.43508452528932,0,-0.332315487884133,9,"CARLTON",-0.068790869033999
-0.22314355131421,0,-0.332315487884133,9,"CARLTON",-1.71616431777173
0.693147180559945,0,-0.332315487884133,9,"CARLTON",0.0133117677361874
0.470003629245736,0,0.0958645715553609,10,"CARVER",-1.06028116120659
2.55722731136763,0,0.0958645715553609,10,"CARVER",-1.05855372803098
2.68784749378469,1,0.0958645715553609,10,"CARVER",1.26964856864201
1.54756250871601,1,0.0958645715553609,10,"CARVER",0.753448667551597
2.26176309847379,0,0.0958645715553609,10,"CARVER",0.207009269405744
-2.30258509299405,1,0.0958645715553609,10,"CARVER",-0.372096713150196
1.30833281965018,0,-0.608219806930943,11,"CASS",0.167749307414636
2.00148000021012,0,-0.608219806930943,11,"CASS",-1.33118874808206
0.641853886172395,0,-0.608219806930943,11,"CASS",0.399163200778587
1.66770682055808,0,-0.608219806930943,11,"CASS",-0.499199242450137
1.38629436111989,0,-0.608219806930943,11,"CASS",0.62729522068821
2.04122032885964,0,0.273684562807927,12,"CHIPPEWA",1.61277057209184
0.336472236621213,0,0.273684562807927,12,"CHIPPEWA",1.97119867486826
2.30258509299405,0,0.273684562807927,12,"CHIPPEWA",-0.783994731054674
2.24070968927596,0,0.273684562807927,12,"CHIPPEWA",-0.663099492074588
-0.22314355131421,0,-0.735320087151157,13,"CHISAGO",-1.99327967998816
1.48160454092422,0,-0.735320087151157,13,"CHISAGO",-0.624724114208885
1.6094379124341,0,-0.735320087151157,13,"CHISAGO",-1.54461019604002
0.741937344729377,0,-0.735320087151157,13,"CHISAGO",0.237964256747001
0.53062825106217,0,-0.735320087151157,13,"CHISAGO",0.897073813844233
2.09186406167839,0,-0.735320087151157,13,"CHISAGO",-0.307223768133678
-0.105360515657826,1,0.343781175420031,14,"CLAY",0.214693322963808
2.55722731136763,0,0.343781175420031,14,"CLAY",1.33119125481718
0.955511445027436,0,0.343781175420031,14,"CLAY",-0.86209740193597
1.25276296849537,1,0.343781175420031,14,"CLAY",1.66135701779653
3.28091121578765,0,0.343781175420031,14,"CLAY",-0.320959897715059
0.405465108108164,0,0.343781175420031,14,"CLAY",0.89087960092649
2.56494935746154,0,0.343781175420031,14,"CLAY",1.36430831066762
2.17475172148416,0,0.343781175420031,14,"CLAY",-1.32642778569025
2.9704144655697,0,0.343781175420031,14,"CLAY",0.687600341685069
0.916290731874155,1,0.343781175420031,14,"CLAY",-0.0405321684243403
2.19722457733622,0,0.343781175420031,14,"CLAY",-0.614588264148224
2.57261223020711,0,0.343781175420031,14,"CLAY",0.254333261832161
1.28093384546206,0,0.343781175420031,14,"CLAY",0.571991928348975
1.93152141160321,1,0.343781175420031,14,"CLAY",0.0604556003162034
1.56861591791385,1,-0.0598604138977053,15,"CLEARWATER",0.105774529740311
1.22377543162212,0,-0.0598604138977053,15,"CLEARWATER",0.978320298614847
-0.105360515657826,1,-0.0598604138977053,15,"CLEARWATER",2.08550018839698
1.22377543162212,0,-0.0598604138977053,15,"CLEARWATER",-1.1617047004066
0.993251773010283,0,-0.504995982525783,16,"COOK",-0.178402978331842
0.336472236621213,0,-0.504995982525783,16,"COOK",1.27076539221047
1.91692261218206,0,0.339560320720446,17,"COTTONWOOD",-0.846287852350501
2.40694510831829,1,0.339560320720446,17,"COTTONWOOD",1.56562411787545
-2.30258509299405,1,0.339560320720446,17,"COTTONWOOD",0.861070163315819
0.916290731874155,1,0.339560320720446,17,"COTTONWOOD",0.342175522647015
0.587786664902119,0,-0.633390700175141,18,"CROW WING",-0.979680351488392
0.470003629245736,0,-0.633390700175141,18,"CROW WING",0.247861254731047
0,1,-0.633390700175141,18,"CROW WING",-0.236006509619705
-0.105360515657826,0,-0.633390700175141,18,"CROW WING",-0.359741595562255
1.06471073699243,0,-0.633390700175141,18,"CROW WING",-0.691170969851674
1.48160454092422,0,-0.633390700175141,18,"CROW WING",-0.0388357494849872
0.405465108108164,0,-0.633390700175141,18,"CROW WING",-1.06006887940912
1.41098697371026,0,-0.633390700175141,18,"CROW WING",-0.213229268872579
0.916290731874155,1,-0.633390700175141,18,"CROW WING",-0.346488097703557
1.90210752639692,1,-0.633390700175141,18,"CROW WING",-1.10538605042766
1.45861502269952,0,-0.633390700175141,18,"CROW WING",0.570270708813443
1.70474809223843,0,-0.633390700175141,18,"CROW WING",1.31270355845615
1.28093384546206,0,-0.0241451624685385,19,"DAKOTA",-1.39158891975676
1.02961941718116,0,-0.0241451624685385,19,"DAKOTA",-1.07587252945702
2.68102152871429,0,-0.0241451624685385,19,"DAKOTA",-0.138450681139406
1.90210752639692,0,-0.0241451624685385,19,"DAKOTA",-1.50788793732556
2.07944154167984,0,-0.0241451624685385,19,"DAKOTA",-0.34103241488907
0.955511445027436,0,-0.0241451624685385,19,"DAKOTA",0.342711146247319
1.02961941718116,1,-0.0241451624685385,19,"DAKOTA",-0.628885620305058
1.48160454092422,0,-0.0241451624685385,19,"DAKOTA",-0.0761525539858625
0.53062825106217,1,-0.0241451624685385,19,"DAKOTA",-1.08982345837098
0.693147180559945,0,-0.0241451624685385,19,"DAKOTA",1.36023545296179
0.693147180559945,0,-0.0241451624685385,19,"DAKOTA",-0.035117519417369
0.405465108108164,0,-0.0241451624685385,19,"DAKOTA",0.367669942494309
2.26176309847379,0,-0.0241451624685385,19,"DAKOTA",1.58798725308881
2.09186406167839,0,-0.0241451624685385,19,"DAKOTA",-0.43474604436689
1.25276296849537,0,-0.0241451624685385,19,"DAKOTA",-1.82909514872876
-0.22314355131421,1,-0.0241451624685385,19,"DAKOTA",0.981120162911026
1.62924053973028,0,-0.0241451624685385,19,"DAKOTA",0.745423243478068
1.16315080980568,0,-0.0241451624685385,19,"DAKOTA",-0.182767305442031
2.37954613413017,0,-0.0241451624685385,19,"DAKOTA",-2.20466494532314
2.10413415427021,0,-0.0241451624685385,19,"DAKOTA",0.810290877701964
1.84054963339749,0,-0.0241451624685385,19,"DAKOTA",-0.427721259390577
1.56861591791385,0,-0.0241451624685385,19,"DAKOTA",0.190197130355389
1.79175946922805,0,-0.0241451624685385,19,"DAKOTA",1.5124110881226
0.0953101798043249,0,-0.0241451624685385,19,"DAKOTA",-0.35383400028109
2.16332302566054,0,-0.0241451624685385,19,"DAKOTA",-0.754800618892001
2.17475172148416,0,-0.0241451624685385,19,"DAKOTA",-0.650775606765952
1.91692261218206,0,-0.0241451624685385,19,"DAKOTA",-0.22082165520986
0.832909122935104,0,-0.0241451624685385,19,"DAKOTA",-0.305825757902712
0.470003629245736,0,-0.0241451624685385,19,"DAKOTA",-0.242796628003384
1.02961941718116,0,-0.0241451624685385,19,"DAKOTA",-0.589891108338872
1.87180217690159,0,-0.0241451624685385,19,"DAKOTA",-0.306389237319903
0.53062825106217,0,-0.0241451624685385,19,"DAKOTA",-0.972751717485734
1.52605630349505,0,-0.0241451624685385,19,"DAKOTA",-0.282563203893203
1.19392246847243,0,-0.0241451624685385,19,"DAKOTA",1.0423011052409
1.48160454092422,0,-0.0241451624685385,19,"DAKOTA",1.20952052369511
3.05400118167797,0,-0.0241451624685385,19,"DAKOTA",-0.654946890778864
2.2082744135228,0,-0.0241451624685385,19,"DAKOTA",0.58950080680923
-0.105360515657826,0,-0.0241451624685385,19,"DAKOTA",0.623620243824632
1.58923520511658,0,-0.0241451624685385,19,"DAKOTA",3.1975868319579
1.6094379124341,0,-0.0241451624685385,19,"DAKOTA",-0.00934678511826243
0.0953101798043249,0,-0.0241451624685385,19,"DAKOTA",-2.24016802668358
2.02814824729229,0,-0.0241451624685385,19,"DAKOTA",-1.2308053480231
1.68639895357023,0,-0.0241451624685385,19,"DAKOTA",-1.28072572988515
1.28093384546206,0,-0.0241451624685385,19,"DAKOTA",-0.196737116683741
1.58923520511658,0,-0.0241451624685385,19,"DAKOTA",0.884243896402252
1.54756250871601,0,-0.0241451624685385,19,"DAKOTA",-0.913290638114252
0.336472236621213,0,-0.0241451624685385,19,"DAKOTA",0.518617568096436
1.22377543162212,0,-0.0241451624685385,19,"DAKOTA",0.298427392179591
1.43508452528932,0,-0.0241451624685385,19,"DAKOTA",-0.381176885591809
0.916290731874155,0,-0.0241451624685385,19,"DAKOTA",-0.416612989325202
0.336472236621213,0,-0.0241451624685385,19,"DAKOTA",0.0632978081678925
0.336472236621213,0,-0.0241451624685385,19,"DAKOTA",0.521596424474947
0.641853886172395,0,-0.0241451624685385,19,"DAKOTA",-0.2946232299987
1.56861591791385,0,-0.0241451624685385,19,"DAKOTA",0.0762637832619878
0.336472236621213,1,-0.0241451624685385,19,"DAKOTA",0.351247664135951
1.33500106673234,0,-0.0241451624685385,19,"DAKOTA",1.70966586199173
2.17475172148416,0,-0.0241451624685385,19,"DAKOTA",1.61222719346654
1.45861502269952,0,-0.0241451624685385,19,"DAKOTA",0.514005442107565
1.48160454092422,0,-0.0241451624685385,19,"DAKOTA",-0.356366054127274
1.50407739677627,0,-0.0241451624685385,19,"DAKOTA",0.916949870344048
0.78845736036427,0,-0.0241451624685385,19,"DAKOTA",0.766243634898289
-0.693147180559945,0,-0.0241451624685385,19,"DAKOTA",-0.440774145506821
1.75785791755237,0,-0.0241451624685385,19,"DAKOTA",-2.17498529826774
1.68639895357023,0,0.263855459775217,20,"DODGE",1.07608438565272
1.97408102602201,0,0.263855459775217,20,"DODGE",0.147185236728637
1.7404661748405,0,0.263855459775217,20,"DODGE",-1.34394149875561
2.00148000021012,0,0.155712316979839,21,"DOUGLAS",1.44948064836871
1.56861591791385,0,0.155712316979839,21,"DOUGLAS",0.798345041439541
1.91692261218206,0,0.155712316979839,21,"DOUGLAS",2.16659598515309
1.85629799036563,0,0.155712316979839,21,"DOUGLAS",-0.198204814929783
1.30833281965018,1,0.155712316979839,21,"DOUGLAS",0.488005636875489
1.70474809223843,0,0.155712316979839,21,"DOUGLAS",0.827991612245875
2.05412373369555,0,0.155712316979839,21,"DOUGLAS",0.752360401734349
1.48160454092422,0,0.155712316979839,21,"DOUGLAS",0.263296023400797
0.993251773010283,0,0.155712316979839,21,"DOUGLAS",0.528996808190918
1.22377543162212,0,0.295025046707039,22,"FARIBAULT",1.04246536020384
1.43508452528932,0,0.295025046707039,22,"FARIBAULT",2.0763299272926
0.832909122935104,0,0.295025046707039,22,"FARIBAULT",1.5105833005916
0.262364264467491,1,0.295025046707039,22,"FARIBAULT",2.04136105713896
1.64865862558738,0,0.295025046707039,22,"FARIBAULT",-0.799660262743127
-2.30258509299405,0,0.295025046707039,22,"FARIBAULT",1.38820635867706
0.916290731874155,1,0.414913662927776,23,"FILLMORE",0.247955181849864
1.16315080980568,0,0.414913662927776,23,"FILLMORE",0.666063938421287
1.16315080980568,0,0.224206985667406,24,"FREEBORN",-0.687492638176271
2.26176309847379,0,0.224206985667406,24,"FREEBORN",0.569112439749955
1.43508452528932,0,0.224206985667406,24,"FREEBORN",-1.21044076313544
2.19722457733622,0,0.224206985667406,24,"FREEBORN",-0.320507261035354
1.84054963339749,0,0.224206985667406,24,"FREEBORN",-0.575255929997976
3.48431228837266,0,0.224206985667406,24,"FREEBORN",-0.174487008172479
2.58021682959233,0,0.224206985667406,24,"FREEBORN",0.609762481487023
0.78845736036427,1,0.224206985667406,24,"FREEBORN",-1.04758800765695
1.7227665977411,1,0.224206985667406,24,"FREEBORN",0.288846373639435
2.66025953726586,0,0.196610646424232,25,"GOODHUE",1.19950945157854
1.93152141160321,1,0.196610646424232,25,"GOODHUE",0.292926290690218
2.02814824729229,0,0.196610646424232,25,"GOODHUE",-1.01982860657594
2.28238238567653,1,0.196610646424232,25,"GOODHUE",0.383518352483382
0.955511445027436,0,0.196610646424232,25,"GOODHUE",-1.76153726017295
3.77276093809464,0,0.196610646424232,25,"GOODHUE",-1.0694867024339
1.58923520511658,0,0.196610646424232,25,"GOODHUE",0.790733785009193
1.58923520511658,0,0.196610646424232,25,"GOODHUE",0.70053331785809
1.25276296849537,0,0.196610646424232,25,"GOODHUE",-2.46490604895945
1.56861591791385,0,0.196610646424232,25,"GOODHUE",-0.787899362689627
1.7227665977411,0,0.196610646424232,25,"GOODHUE",1.23846478547709
1.25276296849537,0,0.196610646424232,25,"GOODHUE",-0.212844675045634
1.3609765531356,0,0.196610646424232,25,"GOODHUE",1.00006322311367
1.90210752639692,0,0.196610646424232,25,"GOODHUE",-0.0354408523631479
2.06686275947298,0,-0.09652081232424,26,"HENNEPIN",-0.279861158587901
1.19392246847243,0,-0.09652081232424,26,"HENNEPIN",1.30451191644939
0.741937344729377,1,-0.09652081232424,26,"HENNEPIN",-0.147823373801553
0.470003629245736,0,-0.09652081232424,26,"HENNEPIN",0.279910373962362
1.38629436111989,0,-0.09652081232424,26,"HENNEPIN",-1.61121690147373
0.587786664902119,0,-0.09652081232424,26,"HENNEPIN",1.16190424740748
0.916290731874155,0,-0.09652081232424,26,"HENNEPIN",-0.415090871397688
2.41591377830105,0,-0.09652081232424,26,"HENNEPIN",0.442481951064937
0.955511445027436,0,-0.09652081232424,26,"HENNEPIN",-2.39095744718704
1.3609765531356,0,-0.09652081232424,26,"HENNEPIN",0.405673672798608
2.00148000021012,0,-0.09652081232424,26,"HENNEPIN",1.22562145865756
0.262364264467491,0,-0.09652081232424,26,"HENNEPIN",-0.117269227071873
-0.105360515657826,0,-0.09652081232424,26,"HENNEPIN",-0.592309565414382
-0.916290731874155,0,-0.09652081232424,26,"HENNEPIN",0.268530219054248
0.916290731874155,1,-0.09652081232424,26,"HENNEPIN",-0.195028477333616
1.79175946922805,0,-0.09652081232424,26,"HENNEPIN",0.890045087402499
0.693147180559945,0,-0.09652081232424,26,"HENNEPIN",-0.837710802592929
1.68639895357023,0,-0.09652081232424,26,"HENNEPIN",-1.09940684628813
1.09861228866811,0,-0.09652081232424,26,"HENNEPIN",-1.32369872793909
1.06471073699243,0,-0.09652081232424,26,"HENNEPIN",-0.212045262704928
1.70474809223843,0,-0.09652081232424,26,"HENNEPIN",0.328770319312675
1.41098697371026,0,-0.09652081232424,26,"HENNEPIN",1.68205259282787
1.3609765531356,0,-0.09652081232424,26,"HENNEPIN",-1.35529830668494
2.70136121295141,0,-0.09652081232424,26,"HENNEPIN",0.403516587362892
1.97408102602201,0,-0.09652081232424,26,"HENNEPIN",-0.132181757683021
0.832909122935104,0,-0.09652081232424,26,"HENNEPIN",-1.22808135880629
1.02961941718116,1,-0.09652081232424,26,"HENNEPIN",0.456881630675057
1.48160454092422,0,-0.09652081232424,26,"HENNEPIN",-0.0714232974244262
0.405465108108164,0,-0.09652081232424,26,"HENNEPIN",-0.399742088826837
2.15176220325946,0,-0.09652081232424,26,"HENNEPIN",-0.536044939556038
1.7227665977411,0,-0.09652081232424,26,"HENNEPIN",0.488224832030257
2.15176220325946,0,-0.09652081232424,26,"HENNEPIN",-0.112307288897505
1.33500106673234,0,-0.09652081232424,26,"HENNEPIN",-0.318743491750652
0.587786664902119,0,-0.09652081232424,26,"HENNEPIN",-0.681782629144844
0.641853886172395,0,-0.09652081232424,26,"HENNEPIN",-0.840527505415623
1.70474809223843,0,-0.09652081232424,26,"HENNEPIN",-0.0402978149909207
0.916290731874155,0,-0.09652081232424,26,"HENNEPIN",-0.493026657935553
-0.22314355131421,1,-0.09652081232424,26,"HENNEPIN",-0.149893502969702
0.741937344729377,0,-0.09652081232424,26,"HENNEPIN",1.24700016629969
1.02961941718116,0,-0.09652081232424,26,"HENNEPIN",-0.74944442966009
1.3609765531356,0,-0.09652081232424,26,"HENNEPIN",-2.83281501775609
1.45861502269952,0,-0.09652081232424,26,"HENNEPIN",-1.25189946553483
1.54756250871601,0,-0.09652081232424,26,"HENNEPIN",0.909739669486492
1.02961941718116,0,-0.09652081232424,26,"HENNEPIN",-0.323012787542901
1.41098697371026,0,-0.09652081232424,26,"HENNEPIN",1.10966145811601
0.470003629245736,0,-0.09652081232424,26,"HENNEPIN",-1.44720896194202
1.45861502269952,0,-0.09652081232424,26,"HENNEPIN",-0.33718924453922
-0.356674943938732,1,-0.09652081232424,26,"HENNEPIN",0.990032067979802
1.70474809223843,0,-0.09652081232424,26,"HENNEPIN",-1.74127277251441
1.19392246847243,1,-0.09652081232424,26,"HENNEPIN",-2.60760940620019
1.70474809223843,0,-0.09652081232424,26,"HENNEPIN",0.374573897946552
0.916290731874155,0,-0.09652081232424,26,"HENNEPIN",-0.0330074476234638
0.993251773010283,0,-0.09652081232424,26,"HENNEPIN",-1.24208036476345
2.12823170584927,0,-0.09652081232424,26,"HENNEPIN",-1.1656902022776
1.19392246847243,0,-0.09652081232424,26,"HENNEPIN",0.85486499952396
1.16315080980568,0,-0.09652081232424,26,"HENNEPIN",-0.444522926655048
2.15176220325946,0,-0.09652081232424,26,"HENNEPIN",-0.0149208265249095
0.53062825106217,0,-0.09652081232424,26,"HENNEPIN",-0.90949776038998
1.7404661748405,0,-0.09652081232424,26,"HENNEPIN",-1.42461795121691
2.56494935746154,0,-0.09652081232424,26,"HENNEPIN",0.266491861704312
0.993251773010283,0,-0.09652081232424,26,"HENNEPIN",-1.29649615855214
1.54756250871601,0,-0.09652081232424,26,"HENNEPIN",-0.256097573312555
1.7227665977411,0,-0.09652081232424,26,"HENNEPIN",0.230294163305201
2.62466859216316,0,-0.09652081232424,26,"HENNEPIN",0.626581924774863
2.02814824729229,1,-0.09652081232424,26,"HENNEPIN",-0.641390305912442
1.7404661748405,0,-0.09652081232424,26,"HENNEPIN",-0.148092287604846
1.52605630349505,0,-0.09652081232424,26,"HENNEPIN",-0.810698245248178
2.02814824729229,0,-0.09652081232424,26,"HENNEPIN",-2.81676043264708
0.955511445027436,0,-0.09652081232424,26,"HENNEPIN",-0.46810905205762
1.50407739677627,0,-0.09652081232424,26,"HENNEPIN",-1.39078763772284
1.77495235091167,0,-0.09652081232424,26,"HENNEPIN",1.58871957529632
0.78845736036427,0,-0.09652081232424,26,"HENNEPIN",0.265405211424061
0.8754687373539,0,-0.09652081232424,26,"HENNEPIN",0.40593253027258
1.38629436111989,0,-0.09652081232424,26,"HENNEPIN",-0.731341707616183
1.52605630349505,0,-0.09652081232424,26,"HENNEPIN",0.7575147792397
1.52605630349505,0,-0.09652081232424,26,"HENNEPIN",-0.366111642208995
2.3887627892351,0,-0.09652081232424,26,"HENNEPIN",-1.79055513469836
2.02814824729229,0,-0.09652081232424,26,"HENNEPIN",-2.58099431807183
1.09861228866811,0,-0.09652081232424,26,"HENNEPIN",-0.92772066658494
0.405465108108164,0,-0.09652081232424,26,"HENNEPIN",-1.26868063408172
0.470003629245736,1,-0.09652081232424,26,"HENNEPIN",0.901345278448356
2.80336038090653,0,-0.09652081232424,26,"HENNEPIN",-0.0536406315740625
1.1314021114911,0,-0.09652081232424,26,"HENNEPIN",-1.12274238545652
1.62924053973028,0,-0.09652081232424,26,"HENNEPIN",-2.1528356552444
1.58923520511658,0,-0.09652081232424,26,"HENNEPIN",-2.06241496709233
1.79175946922805,0,-0.09652081232424,26,"HENNEPIN",-0.451129381189421
-0.105360515657826,1,-0.09652081232424,26,"HENNEPIN",-1.46525903080874
0.587786664902119,0,-0.09652081232424,26,"HENNEPIN",-0.846426706449439
1.3609765531356,0,-0.09652081232424,26,"HENNEPIN",-0.959399329207903
1.7227665977411,0,-0.09652081232424,26,"HENNEPIN",-1.60763791577512
-0.916290731874155,1,-0.09652081232424,26,"HENNEPIN",-0.305320321682269
0.955511445027436,0,-0.09652081232424,26,"HENNEPIN",-0.991961745282247
1.28093384546206,0,-0.09652081232424,26,"HENNEPIN",1.38497943668605
1.82454929205105,0,-0.09652081232424,26,"HENNEPIN",-1.26334645162964
3.16124671203156,0,-0.09652081232424,26,"HENNEPIN",-0.0398019845980142
1.3609765531356,0,-0.09652081232424,26,"HENNEPIN",0.866303947898439
1.06471073699243,0,-0.09652081232424,26,"HENNEPIN",-0.0143452999246151
1.09861228866811,0,-0.09652081232424,26,"HENNEPIN",-0.15784369686378
1.54756250871601,0,-0.09652081232424,26,"HENNEPIN",0.53690103592714
1.09861228866811,0,-0.09652081232424,26,"HENNEPIN",-1.94384902266455
1.43508452528932,0,-0.09652081232424,26,"HENNEPIN",-1.21121147228506
1.33500106673234,0,-0.09652081232424,26,"HENNEPIN",1.18790091501859
1.09861228866811,0,-0.09652081232424,26,"HENNEPIN",0.982383997242096
1.45861502269952,0,-0.09652081232424,26,"HENNEPIN",1.08658306936449
1.06471073699243,1,-0.09652081232424,26,"HENNEPIN",-0.467808330815611
1.22377543162212,0,0.503529068533353,27,"HOUSTON",0.100838296069455
2.14006616349627,0,0.503529068533353,27,"HOUSTON",1.73616488891976
2.19722457733622,0,0.503529068533353,27,"HOUSTON",0.851492407164667
1.56861591791385,1,0.503529068533353,27,"HOUSTON",0.642798013692503
1.28093384546206,0,0.503529068533353,27,"HOUSTON",-0.156646329531622
0.78845736036427,1,0.503529068533353,27,"HOUSTON",0.746179213326739
1.02961941718116,1,-0.400596976711304,28,"HUBBARD",0.506574293115311
-0.22314355131421,1,-0.400596976711304,28,"HUBBARD",-2.72979443583582
0.405465108108164,0,-0.400596976711304,28,"HUBBARD",-0.655887822260908
1.52605630349505,0,-0.400596976711304,28,"HUBBARD",-1.19449102258874
1.30833281965018,1,-0.400596976711304,28,"HUBBARD",-1.47737448770707
1.28093384546206,0,-0.751872232701787,29,"ISANTI",0.0857517867624104
1.09861228866811,0,-0.751872232701787,29,"ISANTI",0.317383227757392
0.78845736036427,0,-0.751872232701787,29,"ISANTI",1.85999278289038
0.641853886172395,0,-0.663347630601429,30,"ITASCA",-0.329184981140991
0.955511445027436,0,-0.663347630601429,30,"ITASCA",-1.9895706206158
0.587786664902119,0,-0.663347630601429,30,"ITASCA",-1.16168581933312
0.8754687373539,0,-0.663347630601429,30,"ITASCA",-0.138876570853667
1.45861502269952,0,-0.663347630601429,30,"ITASCA",0.433870691167839
0.955511445027436,0,-0.663347630601429,30,"ITASCA",0.191917249125826
0.0953101798043249,0,-0.663347630601429,30,"ITASCA",-1.63643948598541
1.19392246847243,0,-0.663347630601429,30,"ITASCA",-0.675932734668525
0.916290731874155,0,-0.663347630601429,30,"ITASCA",-0.613557967652577
2.24070968927596,0,-0.663347630601429,30,"ITASCA",0.51103236350254
0.262364264467491,0,-0.663347630601429,30,"ITASCA",0.215292404500912
2.12823170584927,0,0.309020284839334,31,"JACKSON",0.0854348765153941
1.6094379124341,0,0.309020284839334,31,"JACKSON",1.26094745984113
1.06471073699243,0,0.309020284839334,31,"JACKSON",0.690914274258018
2.57261223020711,0,0.309020284839334,31,"JACKSON",1.48755614652377
2.72785282839839,0,0.309020284839334,31,"JACKSON",0.969928821578734
0.587786664902119,0,-0.0533860089036706,32,"KANABEC",1.36961485751977
1.33500106673234,0,-0.0533860089036706,32,"KANABEC",1.61324889748829
2.06686275947298,0,-0.0533860089036706,32,"KANABEC",-2.59739970002158
0.955511445027436,0,-0.0533860089036706,32,"KANABEC",-2.60917431266971
2.42480272571829,0,0.10973294265158,33,"KANDIYOHI",-1.39136949510357
1.41098697371026,0,0.10973294265158,33,"KANDIYOHI",-1.18823807313548
2.50959926237837,0,0.10973294265158,33,"KANDIYOHI",1.04480318762655
1.90210752639692,0,0.10973294265158,33,"KANDIYOHI",-0.42997435249823
1.93152141160321,0,-0.00780336722984165,34,"KITTSON",-1.01799168213191
1.50407739677627,1,-0.00780336722984165,34,"KITTSON",0.818251595984223
-0.105360515657826,1,-0.00780336722984165,34,"KITTSON",1.82085766829228
0.53062825106217,0,-0.881828920506582,35,"KOOCHICHING",-2.57762669417236
0.336472236621213,0,-0.881828920506582,35,"KOOCHICHING",-0.858400976260261
0.693147180559945,1,-0.881828920506582,35,"KOOCHICHING",-0.664521718442434
0,1,-0.881828920506582,35,"KOOCHICHING",-1.53031268563454
0,0,-0.881828920506582,35,"KOOCHICHING",-1.32816345236431
1.02961941718116,1,-0.881828920506582,35,"KOOCHICHING",-0.980025221670024
0.262364264467491,1,-0.881828920506582,35,"KOOCHICHING",-3.17324718603967
2.42480272571829,1,0.311029878756367,36,"LAC QUI PARLE",0.805409199990138
2.77258872223978,0,0.311029878756367,36,"LAC QUI PARLE",0.909869663764181
0.262364264467491,1,-0.691596383667291,37,"LAKE",0.721629848587777
0.262364264467491,0,-0.691596383667291,37,"LAKE",-1.38412338909167
0.470003629245736,0,-0.691596383667291,37,"LAKE",0.339417163685676
-0.105360515657826,0,-0.691596383667291,37,"LAKE",-0.142612171006793
1.02961941718116,0,-0.691596383667291,37,"LAKE",-1.22334138165224
-0.693147180559945,0,-0.691596383667291,37,"LAKE",-0.640745295809519
0.405465108108164,0,-0.691596383667291,37,"LAKE",-0.394903444076286
1.96009478404727,0,-0.691596383667291,37,"LAKE",-0.97740457132328
-0.693147180559945,0,-0.691596383667291,37,"LAKE",-1.88804635962713
2.31253542384721,0,-0.681708848419116,38,"LAKE OF THE WOODS",0.723175091346464
1.45861502269952,1,-0.681708848419116,38,"LAKE OF THE WOODS",1.16091599732571
1.19392246847243,0,-0.681708848419116,38,"LAKE OF THE WOODS",1.34481565004688
1.06471073699243,1,-0.681708848419116,38,"LAKE OF THE WOODS",-0.0374361787929758
2.52572864430826,0,0.194447736591795,39,"LE SUEUR",0.00357488129355868
1.43508452528932,1,0.194447736591795,39,"LE SUEUR",-0.271441123270537
1.50407739677627,0,0.194447736591795,39,"LE SUEUR",-1.50086022588287
1.3609765531356,0,0.194447736591795,39,"LE SUEUR",2.26791478126113
1.19392246847243,0,0.194447736591795,39,"LE SUEUR",0.877731113066887
2.86220088092947,0,0.444903746232023,40,"LINCOLN",0.54420054011038
2.36085400111802,0,0.444903746232023,40,"LINCOLN",1.30850702501581
2.06686275947298,0,0.444903746232023,40,"LINCOLN",1.66165186964814
1.25276296849537,1,0.444903746232023,40,"LINCOLN",-0.534551944546818
1.87180217690159,0,0.39473440617801,41,"LYON",0.518734426660427
1.93152141160321,1,0.39473440617801,41,"LYON",0.0457792277148329
1.62924053973028,0,0.39473440617801,41,"LYON",-0.317305506934144
2.484906649788,0,0.39473440617801,41,"LYON",2.04109964150516
1.62924053973028,0,0.39473440617801,41,"LYON",0.568047451054256
2.18605127673809,0,0.39473440617801,41,"LYON",-0.00592775465887424
1.75785791755237,0,0.39473440617801,41,"LYON",1.53361036663119
1.52605630349505,0,0.39473440617801,41,"LYON",0.929378324337644
0.405465108108164,1,0.0137648285757133,43,"MARSHALL",-0.866159442899487
3.16968558067743,0,0.0137648285757133,43,"MARSHALL",0.996453363262673
-0.105360515657826,1,0.0137648285757133,43,"MARSHALL",0.50846546197804
0.336472236621213,1,0.0137648285757133,43,"MARSHALL",2.34227236507213
0.0953101798043249,1,0.0137648285757133,43,"MARSHALL",1.75628686063447
1.02961941718116,0,0.0137648285757133,43,"MARSHALL",-1.24916394524179
3.87535902105655,0,0.0137648285757133,43,"MARSHALL",2.33546024395009
-0.105360515657826,1,0.0137648285757133,43,"MARSHALL",2.29627906041344
2.11625551480255,0,0.0137648285757133,43,"MARSHALL",0.50018715766275
1.41098697371026,0,0.16586183575527,44,"MARTIN",0.136639290236574
-0.693147180559945,1,0.16586183575527,44,"MARTIN",-0.582006230946556
1.90210752639692,0,0.16586183575527,44,"MARTIN",-1.40135731809839
2.01490302054226,0,0.16586183575527,44,"MARTIN",-0.494813144704248
2.21920348405499,0,0.16586183575527,44,"MARTIN",0.0544953332832534
-0.693147180559945,0,0.16586183575527,44,"MARTIN",0.42454281510072
0.405465108108164,0,0.16586183575527,44,"MARTIN",-0.0227804310288638
2.33214389523559,0,0.140422593662249,45,"MCLEOD",-0.89342919390323
1.3609765531356,0,0.140422593662249,45,"MCLEOD",0.518746232442467
0.587786664902119,0,0.140422593662249,45,"MCLEOD",1.15254686809971
2.29253475714054,0,0.140422593662249,45,"MCLEOD",-0.519886074612388
0.832909122935104,0,0.140422593662249,45,"MCLEOD",0.489643300923622
1.48160454092422,0,0.140422593662249,45,"MCLEOD",-2.81644799868758
1.02961941718116,0,0.140422593662249,45,"MCLEOD",1.20251180123068
0.0953101798043249,1,0.140422593662249,45,"MCLEOD",-3.26943416032796
0.182321556793955,0,0.140422593662249,45,"MCLEOD",0.114386931473015
0.470003629245736,1,0.140422593662249,45,"MCLEOD",-0.0254203264482612
3.23474917402449,1,0.140422593662249,45,"MCLEOD",0.0713792445740311
-2.30258509299405,1,0.140422593662249,45,"MCLEOD",-2.44417183837783
2.36085400111802,0,0.140422593662249,45,"MCLEOD",-0.571264110875777
0.832909122935104,0,0.0239508741557865,46,"MEEKER",1.12396664129806
1.3609765531356,0,0.0239508741557865,46,"MEEKER",0.492080943673247
1.97408102602201,0,0.0239508741557865,46,"MEEKER",-0.562686219775534
0.741937344729377,0,0.0239508741557865,46,"MEEKER",-0.0127790193852098
1.16315080980568,0,0.0239508741557865,46,"MEEKER",0.889884873744128
-0.693147180559945,1,-0.210059521766286,47,"MILLE LACS",-1.0444343609577
1.7404661748405,0,-0.210059521766286,47,"MILLE LACS",-2.23196874923438
0.336472236621213,0,-0.0932266518569275,48,"MORRISON",1.12448668491328
0.741937344729377,0,-0.0932266518569275,48,"MORRISON",0.169035360959685
1.48160454092422,0,-0.0932266518569275,48,"MORRISON",0.104280725771693
0.8754687373539,0,-0.0932266518569275,48,"MORRISON",0.269014120430034
1.58923520511658,0,-0.0932266518569275,48,"MORRISON",-1.23504354107606
1.09861228866811,1,-0.0932266518569275,48,"MORRISON",0.999104021577089
1.09861228866811,0,-0.0932266518569275,48,"MORRISON",1.39331287491354
1.02961941718116,0,-0.0932266518569275,48,"MORRISON",-1.15449629677305
1.3609765531356,0,-0.0932266518569275,48,"MORRISON",0.351522937286073
2.3887627892351,0,0.260932470709068,49,"MOWER",-0.625669237766225
1.85629799036563,0,0.260932470709068,49,"MOWER",2.44847298280824
0.693147180559945,0,0.260932470709068,49,"MOWER",-1.20880866596904
1.09861228866811,0,0.260932470709068,49,"MOWER",0.215031032119712
1.50407739677627,0,0.260932470709068,49,"MOWER",1.75819957298996
0.741937344729377,0,0.260932470709068,49,"MOWER",1.39972501308706
2.07944154167984,0,0.260932470709068,49,"MOWER",1.32420793162118
0.262364264467491,1,0.260932470709068,49,"MOWER",-0.170619152856984
2.21920348405499,0,0.260932470709068,49,"MOWER",-0.64049212141936
0.0953101798043249,1,0.260932470709068,49,"MOWER",-0.121673752319337
2.36085400111802,0,0.260932470709068,49,"MOWER",0.391188582676406
3.17805383034795,0,0.260932470709068,49,"MOWER",0.332438263237716
2.2082744135228,0,0.260932470709068,49,"MOWER",1.32247190077126
2.09186406167839,0,0.248046873411091,51,"NICOLLET",-0.11904351620255
2.37954613413017,0,0.248046873411091,51,"NICOLLET",-0.446196735651394
1.43508452528932,0,0.248046873411091,51,"NICOLLET",0.562469905913262
2.75366071235426,0,0.248046873411091,51,"NICOLLET",1.21465825695694
1.68639895357023,0,0.405451774685941,52,"NOBLES",0.149078336973622
1.82454929205105,0,0.405451774685941,52,"NOBLES",1.2790768264209
2.27212588550934,0,0.405451774685941,52,"NOBLES",0.791720423515392
2.09186406167839,0,0.265221716521598,53,"NORMAN",-0.65402780425873
0.470003629245736,0,0.265221716521598,53,"NORMAN",-1.08807289133258
0.470003629245736,1,0.265221716521598,53,"NORMAN",0.614999533599993
1.85629799036563,0,0.24315007938984,54,"OLMSTED",1.28924375323414
1.48160454092422,0,0.24315007938984,54,"OLMSTED",0.701001173196668
2.41591377830105,0,0.24315007938984,54,"OLMSTED",0.435175770102042
2.30258509299405,0,0.24315007938984,54,"OLMSTED",-1.3912706016636
1.50407739677627,0,0.24315007938984,54,"OLMSTED",-1.05494653615469
2.07944154167984,0,0.24315007938984,54,"OLMSTED",1.35972812105593
0.832909122935104,0,0.24315007938984,54,"OLMSTED",1.07472263260532
1.16315080980568,0,0.24315007938984,54,"OLMSTED",-0.375316877265996
1.6094379124341,0,0.24315007938984,54,"OLMSTED",0.558484504115363
1.41098697371026,0,0.24315007938984,54,"OLMSTED",1.04435153437304
0.0953101798043249,0,0.24315007938984,54,"OLMSTED",0.0551656885647943
0.693147180559945,0,0.24315007938984,54,"OLMSTED",0.47825314356146
0.0953101798043249,1,0.24315007938984,54,"OLMSTED",0.626836386414392
1.06471073699243,0,0.24315007938984,54,"OLMSTED",0.699614238347137
0.741937344729377,0,0.24315007938984,54,"OLMSTED",0.926552656061239
2.05412373369555,0,0.24315007938984,54,"OLMSTED",-0.908448149817286
1.33500106673234,0,0.24315007938984,54,"OLMSTED",0.500651617550621
0.916290731874155,0,0.24315007938984,54,"OLMSTED",-0.505058549419057
1.06471073699243,0,0.24315007938984,54,"OLMSTED",0.300705104715777
0.53062825106217,1,0.24315007938984,54,"OLMSTED",0.724741763144449
0.916290731874155,0,0.24315007938984,54,"OLMSTED",-1.12786240964502
2.24070968927596,0,0.24315007938984,54,"OLMSTED",1.36270374095876
-0.510825623765991,1,0.24315007938984,54,"OLMSTED",-1.02118847209163
0.993251773010283,0,-0.20473036924229,55,"OTTER TAIL",0.703792203832271
0.0953101798043249,1,-0.20473036924229,55,"OTTER TAIL",1.23200907944304
0.741937344729377,1,-0.20473036924229,55,"OTTER TAIL",-0.635728989615793
2.484906649788,0,-0.20473036924229,55,"OTTER TAIL",0.029598503660921
2.53369681395743,1,-0.20473036924229,55,"OTTER TAIL",1.40904825485937
1.16315080980568,0,-0.20473036924229,55,"OTTER TAIL",-0.0127263521050926
1.43508452528932,0,-0.20473036924229,55,"OTTER TAIL",2.29628354082469
1.33500106673234,0,-0.20473036924229,55,"OTTER TAIL",-0.744233664318964
1.30833281965018,1,-0.0740276676859043,56,"PENNINGTON",-0.431255398265383
1.75785791755237,0,-0.0740276676859043,56,"PENNINGTON",0.207655673794839
-1.20397280432594,1,-0.0740276676859043,56,"PENNINGTON",1.18208757204849
1.41098697371026,0,-0.163292169547294,57,"PINE",0.477465849053625
1.02961941718116,0,-0.163292169547294,57,"PINE",-0.466214410772857
0.641853886172395,0,-0.163292169547294,57,"PINE",-0.360759307473725
0.182321556793955,1,-0.163292169547294,57,"PINE",-2.51970694233164
0.182321556793955,0,-0.163292169547294,57,"PINE",0.0897153547381315
0.405465108108164,0,-0.163292169547294,57,"PINE",-0.0721518212322223
2.24070968927596,0,0.478604039464906,58,"PIPESTONE",0.361755238373957
0.53062825106217,0,0.478604039464906,58,"PIPESTONE",1.33905401002274
2.4932054526027,0,0.478604039464906,58,"PIPESTONE",-0.158393770654908
1.45861502269952,1,0.478604039464906,58,"PIPESTONE",1.42323742074065
1.93152141160321,0,0.266111082523638,59,"POLK",-1.63411252439433
0.336472236621213,1,0.266111082523638,59,"POLK",-0.0891125434644238
0.916290731874155,1,0.266111082523638,59,"POLK",1.08017187330337
2.26176309847379,0,0.266111082523638,59,"POLK",-0.25199455373289
1.33500106673234,0,0.281148273600784,60,"POPE",0.412744946772759
1.22377543162212,0,0.281148273600784,60,"POPE",0.750378612958691
1.91692261218206,0,-0.418053510614464,61,"RAMSEY",-1.12303508805126
1.28093384546206,0,-0.418053510614464,61,"RAMSEY",-1.08356917325404
0.78845736036427,0,-0.418053510614464,61,"RAMSEY",-1.50279214055608
0.955511445027436,0,-0.418053510614464,61,"RAMSEY",-0.244487628604006
0.741937344729377,0,-0.418053510614464,61,"RAMSEY",-0.201193310674084
1.94591014905531,0,-0.418053510614464,61,"RAMSEY",-0.843668219731551
0.182321556793955,0,-0.418053510614464,61,"RAMSEY",-0.48273357068567
1.33500106673234,0,-0.418053510614464,61,"RAMSEY",0.259322642515333
1.25276296849537,0,-0.418053510614464,61,"RAMSEY",-0.655760389682345
1.43508452528932,0,-0.418053510614464,61,"RAMSEY",-0.875611431794241
0.470003629245736,1,-0.418053510614464,61,"RAMSEY",-0.754070337308068
1.02961941718116,1,-0.418053510614464,61,"RAMSEY",1.50547737964972
2.15176220325946,0,-0.418053510614464,61,"RAMSEY",-0.776047919927854
1.82454929205105,0,-0.418053510614464,61,"RAMSEY",-0.992218127912693
1.64865862558738,0,-0.418053510614464,61,"RAMSEY",-1.36152292680952
0.993251773010283,0,-0.418053510614464,61,"RAMSEY",0.460569287458945
0.182321556793955,0,-0.418053510614464,61,"RAMSEY",0.102319838526765
1.25276296849537,0,-0.418053510614464,61,"RAMSEY",-1.27622362638911
1.70474809223843,0,-0.418053510614464,61,"RAMSEY",1.18284215139575
2.31253542384721,1,-0.418053510614464,61,"RAMSEY",-0.26065142101147
1.70474809223843,0,-0.418053510614464,61,"RAMSEY",-0.510981223684874
0.182321556793955,0,-0.418053510614464,61,"RAMSEY",0.497477622547868
1.58923520511658,0,-0.418053510614464,61,"RAMSEY",-0.421741887116004
1.38629436111989,0,-0.418053510614464,61,"RAMSEY",0.147338166316522
1.25276296849537,0,-0.418053510614464,61,"RAMSEY",-1.5047339627935
0.916290731874155,0,-0.418053510614464,61,"RAMSEY",-0.667155491635804
0.182321556793955,0,-0.418053510614464,61,"RAMSEY",1.37009194780939
0.993251773010283,0,-0.418053510614464,61,"RAMSEY",0.888641661815769
0.53062825106217,0,-0.418053510614464,61,"RAMSEY",-0.275215405714247
1.1314021114911,0,-0.418053510614464,61,"RAMSEY",-0.782991707580595
-0.356674943938732,0,-0.418053510614464,61,"RAMSEY",-0.297656942244574
0,0,-0.418053510614464,61,"RAMSEY",-1.31175845524316
0.641853886172395,0,0.366322258590098,62,"REDWOOD",1.58714315863675
1.33500106673234,0,0.366322258590098,62,"REDWOOD",-0.355876307547508
2.18605127673809,0,0.366322258590098,62,"REDWOOD",-0.277539271806148
2.00148000021012,0,0.366322258590098,62,"REDWOOD",-1.48307481827555
3.03013370027132,1,0.366322258590098,62,"REDWOOD",1.93127671658015
1.79175946922805,0,0.380577976600215,63,"RENVILLE",1.11164542555901
0.741937344729377,0,0.380577976600215,63,"RENVILLE",0.706645028026681
1.75785791755237,1,0.380577976600215,63,"RENVILLE",0.252495781792373
2.27212588550934,0,0.193146092877103,64,"RICE",-0.174845961800905
1.85629799036563,0,0.193146092877103,64,"RICE",1.33292976784063
1.52605630349505,0,0.193146092877103,64,"RICE",0.366866643083104
1.7227665977411,0,0.193146092877103,64,"RICE",0.0624281895292339
2.94443897916644,0,0.193146092877103,64,"RICE",0.114012986534591
0.8754687373539,1,0.193146092877103,64,"RICE",-1.18118387341209
1.09861228866811,0,0.193146092877103,64,"RICE",0.337653499690884
1.62924053973028,0,0.193146092877103,64,"RICE",0.798926047716608
2.04122032885964,0,0.193146092877103,64,"RICE",-1.11398628404894
2.09186406167839,0,0.193146092877103,64,"RICE",1.10009683425144
1.54756250871601,0,0.193146092877103,64,"RICE",0.753272688448091
2.12823170584927,0,0.528024865192056,65,"ROCK",0.659601192883657
0.470003629245736,0,0.528024865192056,65,"ROCK",0.666593683130124
1.79175946922805,1,-0.212045364648176,66,"ROSEAU",-0.690635510650029
0.0953101798043249,1,-0.212045364648176,66,"ROSEAU",0.446604582143073
2.43361335540045,0,-0.212045364648176,66,"ROSEAU",-0.171327452774603
1.45861502269952,1,-0.212045364648176,66,"ROSEAU",2.09281855938659
1.28093384546206,1,-0.212045364648176,66,"ROSEAU",-0.206009080397497
2.33214389523559,0,-0.212045364648176,66,"ROSEAU",0.625761668455269
1.22377543162212,1,-0.212045364648176,66,"ROSEAU",-0.84880691019614
1.1314021114911,0,-0.212045364648176,66,"ROSEAU",-0.467343418484511
1.28093384546206,0,-0.212045364648176,66,"ROSEAU",-1.29950857378743
0.993251773010283,0,-0.212045364648176,66,"ROSEAU",-1.04212900070151
1.38629436111989,0,-0.212045364648176,66,"ROSEAU",-0.107675829560047
0.182321556793955,1,-0.212045364648176,66,"ROSEAU",-0.748554450606285
0.53062825106217,1,-0.212045364648176,66,"ROSEAU",0.212491062425135
1.43508452528932,1,-0.212045364648176,66,"ROSEAU",0.474972501049445
2.96010509591084,1,0.0631156343140753,67,"SCOTT",0.524457612327828
2.2082744135228,1,0.0631156343140753,67,"SCOTT",-2.06673332624596
0.693147180559945,0,0.0631156343140753,67,"SCOTT",-0.648410792303133
2.43361335540045,0,0.0631156343140753,67,"SCOTT",-0.0409821407592335
2.32238772029023,0,0.0631156343140753,67,"SCOTT",-0.44590050258804
0.741937344729377,1,0.0631156343140753,67,"SCOTT",0.470903621983297
0.182321556793955,0,0.0631156343140753,67,"SCOTT",-0.494930144050595
1.16315080980568,0,0.0631156343140753,67,"SCOTT",-0.820857202715228
0.693147180559945,1,0.0631156343140753,67,"SCOTT",-0.207192090551484
1.45861502269952,0,0.0631156343140753,67,"SCOTT",0.455528229588607
0.78845736036427,0,0.0631156343140753,67,"SCOTT",-0.106504464786746
1.68639895357023,0,0.0631156343140753,67,"SCOTT",-0.39290261458609
3.22684399451738,0,0.0631156343140753,67,"SCOTT",-0.10677196818242
1.62924053973028,0,-0.683436482376788,68,"SHERBURNE",-1.57157757702342
0.832909122935104,0,-0.683436482376788,68,"SHERBURNE",-0.72642229069456
1.16315080980568,0,-0.683436482376788,68,"SHERBURNE",0.810978038095273
0.916290731874155,0,-0.683436482376788,68,"SHERBURNE",-1.47120035796236
1.02961941718116,0,-0.683436482376788,68,"SHERBURNE",-1.30281099055125
1.1314021114911,0,-0.683436482376788,68,"SHERBURNE",-0.548406692210543
0.470003629245736,0,-0.683436482376788,68,"SHERBURNE",-1.02400756876853
1.54756250871601,0,-0.683436482376788,68,"SHERBURNE",1.11372514207326
1.38629436111989,0,0.23721212323308,69,"SIBLEY",0.257752445561989
1.6094379124341,0,0.23721212323308,69,"SIBLEY",0.269243949373046
0.405465108108164,0,0.23721212323308,69,"SIBLEY",0.128913491712114
1.56861591791385,0,0.23721212323308,69,"SIBLEY",1.5671776188892
-0.22314355131421,0,-0.474673717150503,70,"ST LOUIS",0.443863892502812
-0.693147180559945,1,-0.474673717150503,70,"ST LOUIS",-0.293200110307388
0.8754687373539,0,-0.474673717150503,70,"ST LOUIS",-0.561733572872194
0.832909122935104,0,-0.474673717150503,70,"ST LOUIS",1.91659180028922
1.52605630349505,0,-0.474673717150503,70,"ST LOUIS",0.9864431103266
2.39789527279837,0,-0.474673717150503,70,"ST LOUIS",-0.147317993902713
2.70136121295141,0,-0.474673717150503,70,"ST LOUIS",0.716509275986253
2.15176220325946,0,-0.474673717150503,70,"ST LOUIS",-0.414828810162661
1.50407739677627,0,-0.474673717150503,70,"ST LOUIS",-0.449138950199646
0.405465108108164,0,-0.474673717150503,70,"ST LOUIS",-1.53686052374395
1.3609765531356,0,-0.474673717150503,70,"ST LOUIS",-2.2204333623072
0.587786664902119,0,-0.474673717150503,70,"ST LOUIS",0.137298025132869
0.470003629245736,0,-0.474673717150503,70,"ST LOUIS",-0.00472429158067433
-0.693147180559945,0,-0.474673717150503,70,"ST LOUIS",0.321638348431046
-0.916290731874155,1,-0.474673717150503,70,"ST LOUIS",0.706682751037678
-0.693147180559945,1,-0.474673717150503,70,"ST LOUIS",0.158039310289913
2.16332302566054,0,-0.474673717150503,70,"ST LOUIS",0.535294563534147
0.470003629245736,1,-0.474673717150503,70,"ST LOUIS",0.157513042748708
0.336472236621213,0,-0.474673717150503,70,"ST LOUIS",-0.0393773926713649
2.16332302566054,0,-0.474673717150503,70,"ST LOUIS",-0.637858979477633
2.40694510831829,0,-0.474673717150503,70,"ST LOUIS",-1.4301632043397
0.405465108108164,0,-0.474673717150503,70,"ST LOUIS",-0.556461753476038
0.0953101798043249,0,-0.474673717150503,70,"ST LOUIS",-0.366618465906874
-0.105360515657826,1,-0.474673717150503,70,"ST LOUIS",-0.305266706335464
-0.356674943938732,0,-0.474673717150503,70,"ST LOUIS",0.254706902970038
1.43508452528932,0,-0.474673717150503,70,"ST LOUIS",0.632125056219957
1.22377543162212,0,-0.474673717150503,70,"ST LOUIS",-1.01251305158122
0.741937344729377,1,-0.474673717150503,70,"ST LOUIS",0.72022013065717
1.06471073699243,0,-0.474673717150503,70,"ST LOUIS",-2.84001425693067
0.587786664902119,0,-0.474673717150503,70,"ST LOUIS",-0.183396540963469
0.587786664902119,0,-0.474673717150503,70,"ST LOUIS",-0.50951648503659
0.8754687373539,0,-0.474673717150503,70,"ST LOUIS",-0.364358015672947
0.53062825106217,0,-0.474673717150503,70,"ST LOUIS",-1.11850752085121
-0.22314355131421,1,-0.474673717150503,70,"ST LOUIS",-0.23031537690207
2.45958884180371,0,-0.474673717150503,70,"ST LOUIS",-1.95545976696964
0.587786664902119,0,-0.474673717150503,70,"ST LOUIS",0.464280220841491
1.02961941718116,0,-0.474673717150503,70,"ST LOUIS",-0.637431502956185
1.25276296849537,1,-0.474673717150503,70,"ST LOUIS",-0.310381216111166
1.28093384546206,0,-0.474673717150503,70,"ST LOUIS",-1.05100021888048
1.25276296849537,0,-0.474673717150503,70,"ST LOUIS",-1.22764488168577
1.09861228866811,0,-0.474673717150503,70,"ST LOUIS",-1.23971791634024
1.16315080980568,1,-0.474673717150503,70,"ST LOUIS",-0.848603146324848
1.1314021114911,0,-0.474673717150503,70,"ST LOUIS",0.759462065946501
1.19392246847243,0,-0.474673717150503,70,"ST LOUIS",-1.32671947368886
0.53062825106217,1,-0.474673717150503,70,"ST LOUIS",-0.335957028135229
1.7227665977411,0,-0.474673717150503,70,"ST LOUIS",-1.85081179806023
1.22377543162212,0,-0.474673717150503,70,"ST LOUIS",1.0706062570224
0.405465108108164,0,-0.474673717150503,70,"ST LOUIS",-0.892456789644962
3.47196645255036,0,-0.474673717150503,70,"ST LOUIS",0.941212068455948
0.0953101798043249,0,-0.474673717150503,70,"ST LOUIS",-1.72683932735845
0.741937344729377,0,-0.474673717150503,70,"ST LOUIS",0.721816095979015
-0.22314355131421,0,-0.474673717150503,70,"ST LOUIS",-0.227912117412808
0.405465108108164,0,-0.474673717150503,70,"ST LOUIS",1.11759505056256
0.262364264467491,0,-0.474673717150503,70,"ST LOUIS",0.454993403660929
1.1314021114911,0,-0.474673717150503,70,"ST LOUIS",-3.00190607450392
1.97408102602201,0,-0.474673717150503,70,"ST LOUIS",-1.41126688994254
0.336472236621213,0,-0.474673717150503,70,"ST LOUIS",-0.058868652465738
0.262364264467491,0,-0.474673717150503,70,"ST LOUIS",-0.2389379349858
0.405465108108164,0,-0.474673717150503,70,"ST LOUIS",0.378734728858829
1.6094379124341,0,-0.474673717150503,70,"ST LOUIS",-0.757282433157085
0.832909122935104,0,-0.474673717150503,70,"ST LOUIS",-2.5048782664301
0.8754687373539,0,-0.474673717150503,70,"ST LOUIS",0.161687009258982
0.182321556793955,0,-0.474673717150503,70,"ST LOUIS",-0.496372105951612
1.68639895357023,0,-0.474673717150503,70,"ST LOUIS",-1.62509927245697
0.0953101798043249,0,-0.474673717150503,70,"ST LOUIS",-0.2329592807391
0.336472236621213,0,-0.474673717150503,70,"ST LOUIS",-0.14534168025669
1.97408102602201,1,-0.474673717150503,70,"ST LOUIS",-0.337507904539251
0.0953101798043249,0,-0.474673717150503,70,"ST LOUIS",0.497143588992196
1.19392246847243,0,-0.474673717150503,70,"ST LOUIS",-1.11853273988369
1.16315080980568,0,-0.474673717150503,70,"ST LOUIS",-1.50373744340774
0.405465108108164,0,-0.474673717150503,70,"ST LOUIS",0.31511313366353
1.28093384546206,0,-0.474673717150503,70,"ST LOUIS",-0.440429046258453
-0.22314355131421,0,-0.474673717150503,70,"ST LOUIS",-0.945077475855074
0.470003629245736,0,-0.474673717150503,70,"ST LOUIS",-0.969941895965427
0.336472236621213,0,-0.474673717150503,70,"ST LOUIS",-1.28366892444262
0.993251773010283,0,-0.474673717150503,70,"ST LOUIS",-0.650048775997979
1.19392246847243,0,-0.474673717150503,70,"ST LOUIS",-1.55653378171977
-0.105360515657826,0,-0.474673717150503,70,"ST LOUIS",-0.27900388010346
-0.510825623765991,0,-0.474673717150503,70,"ST LOUIS",-0.737045202119519
0.693147180559945,0,-0.474673717150503,70,"ST LOUIS",-1.29490199178645
0.641853886172395,0,-0.474673717150503,70,"ST LOUIS",-0.460384592468516
-0.105360515657826,0,-0.474673717150503,70,"ST LOUIS",-1.08504016488668
1.68639895357023,0,-0.474673717150503,70,"ST LOUIS",-0.148786342337635
0.405465108108164,0,-0.474673717150503,70,"ST LOUIS",-0.0127939798338633
1.1314021114911,0,-0.474673717150503,70,"ST LOUIS",0.0524788789453747
0.587786664902119,0,-0.474673717150503,70,"ST LOUIS",-0.285213970554427
-0.105360515657826,1,-0.474673717150503,70,"ST LOUIS",-0.591283157489389
1.19392246847243,0,-0.474673717150503,70,"ST LOUIS",-0.310860178572324
0.53062825106217,0,-0.474673717150503,70,"ST LOUIS",0.124234316326535
1.1314021114911,0,-0.474673717150503,70,"ST LOUIS",-1.26634290965962
-0.356674943938732,1,-0.474673717150503,70,"ST LOUIS",-0.856507894543811
1.45861502269952,0,-0.474673717150503,70,"ST LOUIS",-0.447167043319344
0.336472236621213,0,-0.474673717150503,70,"ST LOUIS",0.0853519912267131
0.587786664902119,0,-0.474673717150503,70,"ST LOUIS",-0.69164571841539
0.405465108108164,0,-0.474673717150503,70,"ST LOUIS",-1.7059403757958
0.78845736036427,1,-0.474673717150503,70,"ST LOUIS",-1.04684302979005
0.8754687373539,0,-0.474673717150503,70,"ST LOUIS",-0.720143018957589
0.993251773010283,0,-0.474673717150503,70,"ST LOUIS",-0.188426448725988
0.53062825106217,0,-0.474673717150503,70,"ST LOUIS",-0.164580320963086
0.0953101798043249,1,-0.474673717150503,70,"ST LOUIS",-0.352691293442833
0.587786664902119,1,-0.474673717150503,70,"ST LOUIS",-0.533892674626742
-1.6094379124341,0,-0.474673717150503,70,"ST LOUIS",-0.340121974185063
0.78845736036427,0,-0.474673717150503,70,"ST LOUIS",-0.514453595496893
1.52605630349505,0,-0.474673717150503,70,"ST LOUIS",-0.999852704889406
0.741937344729377,0,-0.474673717150503,70,"ST LOUIS",0.761420913323476
0.693147180559945,0,-0.474673717150503,70,"ST LOUIS",0.00607285441725958
-0.356674943938732,0,-0.474673717150503,70,"ST LOUIS",-0.490171264127467
1.85629799036563,0,-0.474673717150503,70,"ST LOUIS",-0.673859175505235
1.09861228866811,0,-0.474673717150503,70,"ST LOUIS",-1.39792246124062
0.693147180559945,0,-0.474673717150503,70,"ST LOUIS",-1.49223948132696
-0.105360515657826,0,-0.474673717150503,70,"ST LOUIS",0.299829283460117
1.19392246847243,0,-0.474673717150503,70,"ST LOUIS",1.62444704181918
0.587786664902119,0,-0.474673717150503,70,"ST LOUIS",0.791167587224116
0.587786664902119,0,-0.474673717150503,70,"ST LOUIS",0.396126828799734
0.78845736036427,0,-0.474673717150503,70,"ST LOUIS",0.313944498707848
1.45861502269952,0,-0.474673717150503,70,"ST LOUIS",-2.46223507652474
2.01490302054226,0,0.116395406677788,71,"STEARNS",-0.436498405264715
1.85629799036563,0,0.116395406677788,71,"STEARNS",-1.05970766879096
2.11625551480255,0,0.116395406677788,71,"STEARNS",0.415469973440429
0.741937344729377,0,0.116395406677788,71,"STEARNS",-0.12094433357034
1.19392246847243,0,0.116395406677788,71,"STEARNS",0.373757697979152
0.262364264467491,0,0.116395406677788,71,"STEARNS",0.568337507913505
1.6094379124341,0,0.116395406677788,71,"STEARNS",-1.71976692131559
0,1,0.116395406677788,71,"STEARNS",-0.573916119949903
1.94591014905531,0,0.116395406677788,71,"STEARNS",0.755740062922578
1.7404661748405,0,0.116395406677788,71,"STEARNS",1.17994522619594
2.31253542384721,0,0.116395406677788,71,"STEARNS",0.232069524902639
1.88706964903238,0,0.116395406677788,71,"STEARNS",-0.454648822940098
0.955511445027436,1,0.116395406677788,71,"STEARNS",0.507105597478711
1.19392246847243,0,0.116395406677788,71,"STEARNS",1.0690503260401
0.405465108108164,1,0.116395406677788,71,"STEARNS",1.37486612475631
1.6094379124341,0,0.116395406677788,71,"STEARNS",0.159521696450119
2.00148000021012,0,0.116395406677788,71,"STEARNS",0.228160104271673
2.67414864942653,0,0.116395406677788,71,"STEARNS",0.314245652342819
0.587786664902119,0,0.116395406677788,71,"STEARNS",-0.246554961979671
2.00148000021012,0,0.116395406677788,71,"STEARNS",-0.519203544483791
0.955511445027436,0,0.116395406677788,71,"STEARNS",0.711732694612949
1.30833281965018,0,0.116395406677788,71,"STEARNS",1.69574907114821
0.641853886172395,0,0.116395406677788,71,"STEARNS",-1.3704227599577
0.78845736036427,1,0.116395406677788,71,"STEARNS",-0.839229043619536
1.6094379124341,0,0.116395406677788,71,"STEARNS",1.77968273361607
1.98787434815435,0,0.269805738660408,72,"STEELE",2.01751858501032
1.30833281965018,0,0.269805738660408,72,"STEELE",1.08991214874212
1.06471073699243,0,0.269805738660408,72,"STEELE",1.44321102619795
1.48160454092422,0,0.269805738660408,72,"STEELE",1.19289497689886
2.12823170584927,0,0.269805738660408,72,"STEELE",1.002717363063
1.62924053973028,0,0.269805738660408,72,"STEELE",-1.01487789912594
1.28093384546206,0,0.269805738660408,72,"STEELE",0.188741706054375
0.405465108108164,0,0.269805738660408,72,"STEELE",0.0647492983330696
2.15176220325946,0,0.269805738660408,72,"STEELE",-1.42276718925912
2.36085400111802,0,0.269805738660408,72,"STEELE",0.824733163136894
2.07944154167984,0,0.470778329088307,73,"STEVENS",1.84807293086473
1.50407739677627,0,0.470778329088307,73,"STEVENS",0.662869252295393
1.09861228866811,0,0.316028975591628,74,"SWIFT",0.998084654180333
0.8754687373539,0,0.316028975591628,74,"SWIFT",-0.30413647824991
0.405465108108164,0,0.316028975591628,74,"SWIFT",1.69704998001202
1.56861591791385,0,0.316028975591628,74,"SWIFT",1.53276576602671
1.91692261218206,0,-0.0468400668458182,75,"TODD",-0.551632517011307
0.741937344729377,0,-0.0468400668458182,75,"TODD",-0.664229696961883
1.79175946922805,1,-0.0468400668458182,75,"TODD",-1.91893918512868
1.06471073699243,1,0.497594476916848,76,"TRAVERSE",0.103649302574444
1.90210752639692,0,0.497594476916848,76,"TRAVERSE",2.51100868398152
2.96010509591084,0,0.497594476916848,76,"TRAVERSE",0.36271805162219
1.38629436111989,0,0.497594476916848,76,"TRAVERSE",1.09357644019085
1.77495235091167,0,0.150082415651304,77,"WABASHA",-0.170579223322742
2.19722457733622,0,0.150082415651304,77,"WABASHA",0.422264537973727
2.12823170584927,0,0.150082415651304,77,"WABASHA",-0.21804357623925
0.0953101798043249,1,0.150082415651304,77,"WABASHA",-1.01571741818432
1.1314021114911,0,0.150082415651304,77,"WABASHA",-1.21350781337062
2.4423470353692,0,0.150082415651304,77,"WABASHA",0.915325936670985
2.26176309847379,0,0.150082415651304,77,"WABASHA",0.224971330975188
1.06471073699243,0,-0.672029731746026,78,"WADENA",-2.36348424253106
-0.356674943938732,1,-0.672029731746026,78,"WADENA",-0.592023269334469
1.16315080980568,1,-0.672029731746026,78,"WADENA",0.511813116618418
1.54756250871601,0,-0.672029731746026,78,"WADENA",-0.174585077090097
1.56861591791385,0,-0.672029731746026,78,"WADENA",-0.050250756140619
-0.916290731874155,0,0.212414197101124,79,"WASECA",-0.848528829073842
2.23001440015921,0,0.212414197101124,79,"WASECA",-0.58972823020812
0.53062825106217,0,0.212414197101124,79,"WASECA",1.97223205192023
-0.105360515657826,1,0.212414197101124,79,"WASECA",-0.534607091087388
2.32238772029023,0,-0.147484283042756,80,"WASHINGTON",-0.933357242107408
2.04122032885964,0,-0.147484283042756,80,"WASHINGTON",-0.824247625435428
0.78845736036427,0,-0.147484283042756,80,"WASHINGTON",-0.0416963275761287
1.87180217690159,0,-0.147484283042756,80,"WASHINGTON",-0.488706262103249
2.50143595173921,0,-0.147484283042756,80,"WASHINGTON",-1.51275625235549
1.52605630349505,0,-0.147484283042756,80,"WASHINGTON",-2.36975875223332
1.82454929205105,0,-0.147484283042756,80,"WASHINGTON",-0.2154466130294
1.87180217690159,0,-0.147484283042756,80,"WASHINGTON",0.39999383117898
1.02961941718116,0,-0.147484283042756,80,"WASHINGTON",1.17410003620246
0.641853886172395,0,-0.147484283042756,80,"WASHINGTON",0.228713546000556
0.182321556793955,1,-0.147484283042756,80,"WASHINGTON",-0.750263682231894
0.8754687373539,0,-0.147484283042756,80,"WASHINGTON",0.114392586977583
0,0,-0.147484283042756,80,"WASHINGTON",-0.410684644731468
0.182321556793955,1,-0.147484283042756,80,"WASHINGTON",0.486447932710195
0.470003629245736,0,-0.147484283042756,80,"WASHINGTON",-0.147762558709889
-0.22314355131421,0,-0.147484283042756,80,"WASHINGTON",-0.617591276846838
0.53062825106217,0,-0.147484283042756,80,"WASHINGTON",-2.00998150015946
1.54756250871601,0,-0.147484283042756,80,"WASHINGTON",0.090197504190493
0.53062825106217,1,-0.147484283042756,80,"WASHINGTON",0.948950115386872
1.19392246847243,0,-0.147484283042756,80,"WASHINGTON",-0.496827496972594
-0.22314355131421,1,-0.147484283042756,80,"WASHINGTON",0.633830494151087
2.28238238567653,0,-0.147484283042756,80,"WASHINGTON",-1.61833571759266
1.66770682055808,0,-0.147484283042756,80,"WASHINGTON",0.782351148029053
2.14006616349627,0,-0.147484283042756,80,"WASHINGTON",-0.18928033699197
0.641853886172395,0,-0.147484283042756,80,"WASHINGTON",1.81341688932833
1.88706964903238,0,-0.147484283042756,80,"WASHINGTON",-0.414479149685672
1.33500106673234,0,-0.147484283042756,80,"WASHINGTON",-0.754923359562912
1.77495235091167,0,-0.147484283042756,80,"WASHINGTON",0.447503234423275
1.58923520511658,0,-0.147484283042756,80,"WASHINGTON",-0.0300308679129552
0.916290731874155,1,-0.147484283042756,80,"WASHINGTON",-1.38066075962977
2.37024374146786,0,-0.147484283042756,80,"WASHINGTON",1.97441383070986
0.8754687373539,0,-0.147484283042756,80,"WASHINGTON",-1.79266116385623
0.741937344729377,0,-0.147484283042756,80,"WASHINGTON",0.539326352815069
1.54756250871601,0,-0.147484283042756,80,"WASHINGTON",-0.111094101190803
1.30833281965018,0,-0.147484283042756,80,"WASHINGTON",-0.561547182295916
2.59525470695687,0,-0.147484283042756,80,"WASHINGTON",-2.2793512169702
1.06471073699243,0,-0.147484283042756,80,"WASHINGTON",-1.71073090554531
1.45861502269952,0,-0.147484283042756,80,"WASHINGTON",1.32570101362754
1.33500106673234,0,-0.147484283042756,80,"WASHINGTON",-0.251798165848962
0.587786664902119,0,-0.147484283042756,80,"WASHINGTON",1.07551234642125
0.405465108108164,0,-0.147484283042756,80,"WASHINGTON",0.799736110147229
0.587786664902119,0,-0.147484283042756,80,"WASHINGTON",1.7268219863092
0.262364264467491,0,-0.147484283042756,80,"WASHINGTON",1.23917199555953
1.88706964903238,0,-0.147484283042756,80,"WASHINGTON",-1.34095305075801
3.01553490085017,0,-0.147484283042756,80,"WASHINGTON",1.48574084357584
1.79175946922805,0,-0.147484283042756,80,"WASHINGTON",1.06278461722147
2.62466859216316,0,0.183237803578308,81,"WATONWAN",-0.436201879429167
2.32238772029023,1,0.183237803578308,81,"WATONWAN",0.127211010711145
1.7404661748405,1,0.183237803578308,81,"WATONWAN",-0.600544390441977
1.22377543162212,0,0.463211867357523,83,"WINONA",0.715523749166482
1.41098697371026,0,0.463211867357523,83,"WINONA",-0.019087668432712
2.45100509811232,0,0.463211867357523,83,"WINONA",1.59880125325861
1.97408102602201,0,0.463211867357523,83,"WINONA",1.11908471233629
1.54756250871601,0,0.463211867357523,83,"WINONA",1.84947845709704
0.587786664902119,1,0.463211867357523,83,"WINONA",0.644621940005363
-0.356674943938732,1,0.463211867357523,83,"WINONA",1.11193790432251
1.54756250871601,0,0.463211867357523,83,"WINONA",1.26662951690103
2.32238772029023,0,0.463211867357523,83,"WINONA",0.365995191319763
2.42480272571829,0,0.463211867357523,83,"WINONA",-0.182101893558538
2.02814824729229,0,0.463211867357523,83,"WINONA",-2.24159482292249
2.46809953147162,0,0.463211867357523,83,"WINONA",1.0988075306018
-0.693147180559945,1,0.463211867357523,83,"WINONA",0.885164739340098
1.90210752639692,0,-0.0900242748478867,84,"WRIGHT",-2.09237706399397
1.66770682055808,0,-0.0900242748478867,84,"WRIGHT",-0.49367273450881
1.1314021114911,0,-0.0900242748478867,84,"WRIGHT",-0.956176388337438
0.741937344729377,0,-0.0900242748478867,84,"WRIGHT",1.21208756628733
1.98787434815435,0,-0.0900242748478867,84,"WRIGHT",0.965021441951644
1.62924053973028,0,-0.0900242748478867,84,"WRIGHT",0.665240701765689
0.78845736036427,0,-0.0900242748478867,84,"WRIGHT",-0.62691093804993
0.832909122935104,1,-0.0900242748478867,84,"WRIGHT",-1.01054336772861
2.76631910922619,0,-0.0900242748478867,84,"WRIGHT",-1.4179362121993
2.2512917986065,0,-0.0900242748478867,84,"WRIGHT",0.266785283498304
1.85629799036563,0,-0.0900242748478867,84,"WRIGHT",0.840332853180228
1.50407739677627,0,-0.0900242748478867,84,"WRIGHT",2.29201965919294
1.6094379124341,0,-0.0900242748478867,84,"WRIGHT",-0.0641027146936334
1.30833281965018,0,0.355286981163884,85,"YELLOW MEDICINE",0.38419131788541
1.06471073699243,0,0.355286981163884,85,"YELLOW MEDICINE",0.285722007854743
